timestamp,altitude,frame_id,x,y,z,velocity,snr,noise
1751621549.3395956,1.5,1,0.36340847611427307,0.7577151656150818,0.18170423805713654,0.0,6.900000095367432,63.79999923706055
1751621549.3395956,1.5,1,-0.207661971449852,0.7739916443824768,0.3114929795265198,0.0,6.900000095367432,63.79999923706055
1751621549.3395956,1.5,1,0.21238155663013458,1.3803659677505493,0.16990524530410767,-0.8097003698348999,13.800000190734863,50.5
1751621549.534314,1.5,2,-0.23361971974372864,0.7554887533187866,0.33745071291923523,0.0,7.200000286102295,64.30000305175781
1751621549.534314,1.5,2,0.36340847611427307,0.7433508634567261,0.23361971974372864,0.0,7.200000286102295,64.30000305175781
1751621549.534314,1.5,2,0.23361971974372864,1.1938220262527466,-0.4283028244972229,0.0,6.900000095367432,59.900001525878906
1751621549.534314,1.5,2,1.0760666131973267,1.7756565809249878,0.8070499300956726,0.0,7.900000095367432,57.20000076293945
1751621549.534314,1.5,2,0.2548578679561615,1.3829776048660278,0.042476311326026917,-0.40485018491744995,10.100000381469727,55.79999923706055
1751621549.534314,1.5,2,0.12742893397808075,1.1453454494476318,-0.8070499300956726,-0.40485018491744995,10.100000381469727,55.79999923706055
1751621549.534314,1.5,2,-0.6371446847915649,1.2536451816558838,-0.042476311326026917,-0.40485018491744995,10.100000381469727,55.79999923706055
1751621549.534314,1.5,2,0.8495262265205383,2.5144760608673096,-0.9344788789749146,-0.40485018491744995,14.5,53.0
1751621549.534314,1.5,2,0.9344788789749146,2.5144760608673096,0.8495262265205383,-0.40485018491744995,14.5,53.0
1751621549.7330418,1.5,3,0.3893662095069885,0.7300891876220703,0.23361971974372864,0.0,7.599999904632568,63.70000076293945
1751621549.7330418,1.5,3,-0.207661971449852,0.7510161399841309,0.36340847611427307,0.0,7.599999904632568,63.70000076293945
1751621549.7330418,1.5,3,1.2105748653411865,1.6529688835144043,0.8743041157722473,0.0,8.40000057220459,56.79999923706055
1751621549.7330418,1.5,3,-0.13922791182994843,2.300502061843872,0.06961395591497421,0.0,6.800000190734863,58.0
1751621549.7330418,1.5,3,0.2973341643810272,1.3725011348724365,0.08495262265205383,-1.214550495147705,13.800000190734863,50.79999923706055
1751621549.8411283,1.5,4,1.2105748653411865,1.6868267059326172,0.8070499300956726,0.0,7.700000286102295,56.900001525878906
1751621549.8411283,1.5,4,1.1728181838989258,2.224438428878784,-1.1728181838989258,-0.8097003698348999,17.200000762939453,51.5
1751621549.8411283,1.5,4,1.4241364002227783,2.2851309776306152,0.6701818108558655,-0.8097003698348999,17.200000762939453,51.5
1751621549.8411283,1.5,4,0.2973341643810272,1.3725011348724365,0.08495262265205383,-0.40485018491744995,11.699999809265137,55.70000076293945
1751621550.0374548,1.5,5,1.1433206796646118,1.7331167459487915,0.8070499300956726,0.0,7.800000190734863,57.20000076293945
1751621550.0374548,1.5,5,-0.4436414837837219,7.249416828155518,-1.109103798866272,0.0,8.100000381469727,45.79999923706055
1751621550.0374548,1.5,5,4.658235549926758,5.677377223968506,-0.22182074189186096,0.0,8.100000381469727,45.79999923706055
1751621550.0374548,1.5,5,0.3492496907711029,1.402496337890625,0.04365621134638786,-0.8097003698348999,13.40000057220459,51.5
1751621550.0374548,1.5,5,1.5291472673416138,2.0407650470733643,-1.1893366575241089,-0.40485018491744995,13.40000057220459,53.900001525878906
1751621550.0374548,1.5,5,1.6990524530410767,2.1626663208007812,0.5946683287620544,-0.40485018491744995,13.40000057220459,53.900001525878906
1751621550.2358003,1.5,6,0.8743041157722473,1.8832069635391235,0.8070499300956726,0.0,9.199999809265137,56.10000228881836
1751621550.2358003,1.5,6,-0.20884187519550323,2.2962849140167236,0.0,0.0,6.800000190734863,57.70000076293945
1751621550.2358003,1.5,6,1.3226652145385742,1.887392520904541,0.06961395591497421,0.0,6.800000190734863,57.70000076293945
1751621550.2358003,1.5,6,0.2548578679561615,1.3777493238449097,0.12742893397808075,-0.40485018491744995,9.800000190734863,55.400001525878906
1751621550.4320977,1.5,7,0.2725563645362854,1.1544398069381714,-0.5061760544776917,0.0,7.099999904632568,60.29999923706055
1751621550.4320977,1.5,7,1.2105748653411865,1.6529688835144043,0.8743041157722473,0.0,8.600000381469727,56.29999923706055
1751621550.4320977,1.5,7,-0.14158770442008972,2.301698684692383,0.42476311326026917,0.0,7.300000190734863,57.79999923706055
1751621550.4320977,1.5,7,0.33981049060821533,1.3626062870025635,0.08495262265205383,-0.8097003698348999,13.5,51.20000076293945
1751621550.4320977,1.5,7,1.3592419624328613,2.368145227432251,0.6796209812164307,-0.8097003698348999,15.0,52.0
1751621550.4320977,1.5,7,1.019431471824646,2.3787875175476074,-1.104384183883667,-0.8097003698348999,15.0,52.0
1751621550.5413861,1.5,8,1.0760666131973267,1.7435246706008911,0.8743041157722473,0.0,8.5,56.79999923706055
1751621550.5413861,1.5,8,-0.13922791182994843,2.3015549182891846,0.0,0.0,7.5,58.10000228881836
1751621550.5413861,1.5,8,0.17462484538555145,1.4247419834136963,0.17462484538555145,-0.40485018491744995,8.600000381469727,55.400001525878906
1751621550.7386405,1.5,9,0.2973341643810272,1.3751276731491089,0.0,-0.40485018491744995,11.600000381469727,54.900001525878906
1751621550.7386405,1.5,9,0.2548578679561615,1.057715892791748,-0.892002522945404,-0.40485018491744995,11.600000381469727,54.900001525878906
1751621550.9373014,1.5,10,1.2105748653411865,1.6868267059326172,0.8070499300956726,0.0,8.199999809265137,56.70000076293945
1751621550.9373014,1.5,10,0.3492496907711029,1.4031755924224854,0.0,-0.8097003698348999,14.199999809265137,49.5
1751621551.1333418,1.5,11,0.2725563645362854,1.1544398069381714,-0.5061760544776917,0.0,7.700000286102295,59.900001525878906
1751621551.1333418,1.5,11,1.1433206796646118,1.700181007385254,0.8743041157722473,0.0,8.40000057220459,56.60000228881836
1751621551.1333418,1.5,11,0.13450832664966583,2.1395652294158936,0.6052874326705933,0.0,8.40000057220459,56.60000228881836
1751621551.1333418,1.5,11,0.07079385221004486,2.255509614944458,0.6371446847915649,0.0,6.700000286102295,58.400001525878906
1751621551.2410853,1.5,12,0.0,7.181222438812256,-1.5527452230453491,0.0,6.800000190734863,46.20000076293945
1751621551.2410853,1.5,12,0.17462484538555145,1.4294161796569824,0.1309686303138733,-0.8097003698348999,12.90000057220459,51.10000228881836
1751621551.4383078,1.5,13,1.0760666131973267,1.7435246706008911,0.8743041157722473,0.0,8.5,56.60000228881836
1751621551.6355853,1.5,14,0.23361971974372864,1.1791274547576904,-0.4672394394874573,0.0,7.099999904632568,60.0
1751621551.6355853,1.5,14,1.1433206796646118,1.700181007385254,0.8743041157722473,0.0,7.800000190734863,57.20000076293945
1751621551.6355853,1.5,14,0.22182074189186096,7.222216606140137,-1.330924391746521,0.0,7.0,46.20000076293945
1751621551.832787,1.5,15,0.21828106045722961,1.4287493228912354,0.04365621134638786,-0.8097003698348999,12.100000381469727,51.70000076293945
1751621551.832787,1.5,15,1.340363621711731,2.0793113708496094,-1.2565909624099731,-0.40485018491744995,13.100000381469727,55.5
1751621551.832787,1.5,15,1.4241364002227783,2.2851309776306152,0.6701818108558655,-0.40485018491744995,13.100000381469727,55.5
1751621551.9399507,1.5,16,0.3114929795265198,1.1445481777191162,-0.5061760544776917,0.0,7.200000286102295,59.5
1751621551.9399507,1.5,16,1.1433206796646118,1.700181007385254,0.8743041157722473,0.0,9.199999809265137,56.10000228881836
1751621551.9399507,1.5,16,0.4035249650478363,2.084960699081421,0.672541618347168,0.0,9.199999809265137,56.10000228881836
1751621551.9399507,1.5,16,0.30559346079826355,1.4106261730194092,0.08731242269277573,-1.214550495147705,14.300000190734863,50.20000076293945
1751621551.9399507,1.5,16,0.7645736336708069,2.5712385177612305,-0.8495262265205383,-0.40485018491744995,12.699999809265137,55.29999923706055
1751621551.9399507,1.5,16,0.9344788789749146,2.5415961742401123,0.7645736336708069,-0.40485018491744995,12.699999809265137,55.29999923706055
1751621552.135847,1.5,17,1.2105748653411865,1.6868267059326172,0.8070499300956726,0.0,7.5,57.70000076293945
1751621552.135847,1.5,17,0.2548578679561615,1.3829776048660278,0.042476311326026917,-0.8097003698348999,13.5,50.70000076293945
1751621552.332745,1.5,18,0.32093214988708496,1.160661220550537,-0.5616312623023987,0.0,7.0,59.20000076293945
1751621552.332745,1.5,18,1.1433206796646118,1.700181007385254,0.8743041157722473,0.0,9.199999809265137,55.79999923706055
1751621552.332745,1.5,18,-0.13922791182994843,2.3015549182891846,0.0,0.0,8.0,57.29999923706055
1751621552.332745,1.5,18,1.3922791481018066,1.8379603624343872,0.0,0.0,8.0,57.29999923706055
1751621552.332745,1.5,18,0.2973341643810272,1.3725011348724365,0.08495262265205383,-0.8097003698348999,15.199999809265137,51.10000228881836
1751621552.4409628,1.5,19,0.2725563645362854,1.1544398069381714,-0.5061760544776917,0.0,7.0,60.5
1751621552.4409628,1.5,19,1.1433206796646118,1.7331167459487915,0.8070499300956726,0.0,8.90000057220459,56.5
1751621552.4409628,1.5,19,0.0,7.129648685455322,-1.7745659351348877,0.0,7.200000286102295,46.0
1751621552.6372347,1.5,20,1.2778291702270508,1.601546287536621,0.8743041157722473,0.0,7.300000190734863,56.70000076293945
1751621552.6372347,1.5,20,0.22182074189186096,7.12619686126709,-1.7745659351348877,0.0,7.400000095367432,45.79999923706055
1751621552.835888,1.5,21,1.1433206796646118,1.7331167459487915,0.8070499300956726,0.0,9.100000381469727,56.29999923706055
1751621552.835888,1.5,21,-0.27845582365989685,2.288886785507202,0.0,0.0,7.5,58.10000228881836
1751621552.835888,1.5,21,1.2530512809753418,1.9343101978302002,0.06961395591497421,0.0,7.5,58.10000228881836
1751621552.835888,1.5,21,0.33981049060821533,1.359291911125183,0.12742893397808075,-1.214550495147705,12.5,51.10000228881836
1751621553.0326667,1.5,22,1.2105748653411865,1.6868267059326172,0.8070499300956726,0.0,8.699999809265137,56.79999923706055
1751621553.0326667,1.5,22,1.4394750595092773,1.7586876153945923,0.7197375297546387,0.0,6.900000095367432,59.5
1751621553.0326667,1.5,22,0.0719737559556961,2.3122236728668213,0.5757900476455688,0.0,6.900000095367432,59.5
1751621553.1411247,1.5,23,0.2725563645362854,1.1707402467727661,-0.4672394394874573,0.0,7.099999904632568,59.900001525878906
1751621553.1411247,1.5,23,1.1433206796646118,1.700181007385254,0.8743041157722473,0.0,8.300000190734863,56.900001525878906
1751621553.1411247,1.5,23,0.2973341643810272,1.3725011348724365,0.08495262265205383,-0.8097003698348999,13.800000190734863,51.20000076293945
1751621553.3376265,1.5,24,1.4394750595092773,1.7586876153945923,0.7197375297546387,0.0,7.400000095367432,59.29999923706055
1751621553.3376265,1.5,24,-0.1439475119113922,2.3088605403900146,0.5757900476455688,0.0,7.400000095367432,59.29999923706055
1751621553.3376265,1.5,24,0.2548578679561615,1.3777493238449097,0.12742893397808075,-0.8097003698348999,14.699999809265137,49.60000228881836
1751621553.5353525,1.5,25,0.5191549062728882,0.65312260389328,0.207661971449852,0.0,9.300000190734863,63.60000228881836
1751621553.5353525,1.5,25,-0.051915492862463,0.8257972002029419,0.23361971974372864,0.0,9.300000190734863,63.60000228881836
1751621553.5353525,1.5,25,1.4394750595092773,1.8109307289123535,0.5757900476455688,0.0,7.400000095367432,59.400001525878906
1751621553.5353525,1.5,25,0.0719737559556961,2.328965663909912,0.5038162469863892,0.0,7.400000095367432,59.400001525878906
1751621553.7328637,1.5,26,0.4672394394874573,0.6912150382995605,0.207661971449852,0.0,8.40000057220459,64.20000457763672
1751621553.7328637,1.5,26,-0.051915492862463,0.8257972002029419,0.23361971974372864,0.0,8.40000057220459,64.20000457763672
1751621553.7328637,1.5,26,-0.27845582365989685,2.287827730178833,0.06961395591497421,0.0,7.900000095367432,57.900001525878906
1751621553.7328637,1.5,26,1.3226652145385742,1.8886758089065552,0.0,0.0,7.900000095367432,57.900001525878906
1751621553.7328637,1.5,26,1.4394750595092773,1.7586876153945923,0.7197375297546387,0.0,7.599999904632568,59.10000228881836
1751621553.7328637,1.5,26,-0.0719737559556961,2.3122236728668213,0.5757900476455688,0.0,7.599999904632568,59.10000228881836
1751621553.7328637,1.5,26,0.2973341643810272,1.3725011348724365,0.08495262265205383,-0.8097003698348999,15.300000190734863,49.60000228881836
1751621553.8405347,1.5,27,0.49319717288017273,0.6729394197463989,0.207661971449852,0.0,8.5,64.4000015258789
1751621553.8405347,1.5,27,-0.051915492862463,0.8257972002029419,0.23361971974372864,0.0,8.5,64.4000015258789
1751621553.8405347,1.5,27,1.1433206796646118,1.7331167459487915,0.8070499300956726,0.0,8.199999809265137,56.70000076293945
1751621553.8405347,1.5,27,1.4394750595092773,1.786450743675232,0.6477637887001038,0.0,7.200000286102295,59.29999923706055
1751621553.8405347,1.5,27,-0.0719737559556961,2.328965663909912,0.5038162469863892,0.0,7.200000286102295,59.29999923706055
1751621553.8405347,1.5,27,0.2619372606277466,1.419381022453308,0.08731242269277573,-0.8097003698348999,14.40000057220459,50.10000228881836
1751621553.8405347,1.5,27,0.2548578679561615,1.3777493238449097,0.12742893397808075,-0.40485018491744995,9.100000381469727,55.400001525878906
1751621553.8405347,1.5,27,0.2548578679561615,1.123878002166748,-0.8070499300956726,-0.40485018491744995,9.100000381469727,55.400001525878906
1751621553.8405347,1.5,27,1.1728181838989258,2.1782121658325195,-1.2565909624099731,-0.40485018491744995,12.699999809265137,54.29999923706055
1751621553.8405347,1.5,27,1.4241364002227783,2.308049440383911,0.5864090919494629,-0.40485018491744995,12.699999809265137,54.29999923706055
1751621554.0384035,1.5,28,0.5191549062728882,0.6442937254905701,0.23361971974372864,0.0,8.600000381469727,64.0999984741211
1751621554.0384035,1.5,28,-0.0259577464312315,0.8270201683044434,0.23361971974372864,0.0,8.600000381469727,64.0999984741211
1751621554.0384035,1.5,28,1.1433206796646118,1.700181007385254,0.8743041157722473,0.0,9.0,56.20000076293945
1751621554.2374897,1.5,29,0.5191549062728882,0.6442937254905701,0.23361971974372864,0.0,8.5,64.0
1751621554.2374897,1.5,29,0.3114929795265198,1.1445481777191162,-0.5061760544776917,0.0,7.0,60.20000076293945
1751621554.2374897,1.5,29,1.0760666131973267,1.7435246706008911,0.8743041157722473,0.0,9.100000381469727,56.20000076293945
1751621554.2374897,1.5,29,1.3675013780593872,1.842127799987793,0.6477637887001038,0.0,7.900000095367432,58.400001525878906
1751621554.2374897,1.5,29,-0.0719737559556961,2.328965663909912,0.5038162469863892,0.0,7.900000095367432,58.400001525878906
1751621554.2374897,1.5,29,0.33981049060821533,1.3645910024642944,-0.042476311326026917,-0.40485018491744995,9.5,56.10000228881836
1751621554.2374897,1.5,29,0.16990524530410767,1.0746383666992188,-0.892002522945404,-0.40485018491744995,9.5,56.10000228881836
1751621554.4334536,1.5,30,0.2548578679561615,1.123878002166748,-0.8070499300956726,0.0,8.199999809265137,58.20000076293945
1751621554.4334536,1.5,30,0.2973341643810272,1.3744715452194214,-0.042476311326026917,0.0,8.199999809265137,58.20000076293945
1751621554.4334536,1.5,30,1.0760666131973267,1.7756565809249878,0.8070499300956726,0.0,9.40000057220459,55.900001525878906
1751621554.4334536,1.5,30,1.4394750595092773,1.7586876153945923,0.7197375297546387,0.0,6.800000190734863,59.10000228881836
1751621554.4334536,1.5,30,-0.0719737559556961,2.3122236728668213,0.5757900476455688,0.0,6.800000190734863,59.10000228881836
1751621554.4334536,1.5,30,1.3592419624328613,2.1576550006866455,-1.1893366575241089,0.0,11.100000381469727,56.5
1751621554.4334536,1.5,30,1.2742893695831299,2.414919853210449,0.6796209812164307,0.0,11.100000381469727,56.5
1751621554.4334536,1.5,30,1.340363621711731,2.0793113708496094,-1.2565909624099731,-0.8097003698348999,17.5,49.79999923706055
1751621554.4334536,1.5,30,1.5916818380355835,2.1958608627319336,0.5864090919494629,-0.8097003698348999,17.5,49.79999923706055
1751621554.5410655,1.5,31,-0.20884187519550323,2.29522967338562,0.06961395591497421,0.0,7.300000190734863,58.10000228881836
1751621554.5410655,1.5,31,1.3226652145385742,1.887392520904541,0.06961395591497421,0.0,7.300000190734863,58.10000228881836
1751621554.5410655,1.5,31,0.33981049060821533,1.3626062870025635,-0.08495262265205383,-0.40485018491744995,9.40000057220459,55.900001525878906
1751621554.5410655,1.5,31,0.21238155663013458,1.06705641746521,-0.892002522945404,-0.40485018491744995,9.40000057220459,55.900001525878906
1751621554.5410655,1.5,31,-0.5521920919418335,1.2828093767166138,-0.16990524530410767,-0.40485018491744995,9.40000057220459,55.900001525878906
1751621554.7389722,1.5,32,0.2725563645362854,1.1544398069381714,-0.5061760544776917,0.0,6.900000095367432,60.10000228881836
1751621554.7389722,1.5,32,1.1433206796646118,1.7331167459487915,0.8070499300956726,0.0,9.300000190734863,55.900001525878906
1751621554.7389722,1.5,32,-0.20884187519550323,2.29522967338562,0.06961395591497421,0.0,8.199999809265137,57.20000076293945
1751621554.7389722,1.5,32,1.3226652145385742,1.887392520904541,0.06961395591497421,0.0,8.199999809265137,57.20000076293945
1751621554.7389722,1.5,32,0.2973341643810272,1.3744715452194214,0.042476311326026917,-0.8097003698348999,12.90000057220459,51.400001525878906
1751621554.7389722,1.5,32,0.12742893397808075,1.1453454494476318,-0.8070499300956726,-0.8097003698348999,12.90000057220459,51.400001525878906
1751621554.937855,1.5,33,0.5191549062728882,0.6442937254905701,0.23361971974372864,0.0,7.200000286102295,63.70000076293945
1751621554.937855,1.5,33,1.1433206796646118,1.700181007385254,0.8743041157722473,0.0,8.5,56.400001525878906
1751621554.937855,1.5,33,-0.20884187519550323,2.2962849140167236,0.0,0.0,7.800000190734863,57.5
1751621555.1335416,1.5,34,1.2105748653411865,1.6529688835144043,0.8743041157722473,0.0,8.199999809265137,56.29999923706055
1751621555.1335416,1.5,34,-0.13450832664966583,2.1395652294158936,0.6052874326705933,0.0,8.199999809265137,56.29999923706055
1751621555.1335416,1.5,34,-0.13922791182994843,2.3015549182891846,0.0,0.0,7.200000286102295,57.60000228881836
1751621555.1335416,1.5,34,1.2530512809753418,1.9343101978302002,0.06961395591497421,0.0,7.200000286102295,57.60000228881836
1751621555.1335416,1.5,34,0.2973341643810272,1.3692107200622559,0.12742893397808075,-0.8097003698348999,14.90000057220459,50.5
1751621555.2410922,1.5,35,1.2105748653411865,1.6868267059326172,0.8070499300956726,0.0,9.699999809265137,55.60000228881836
1751621555.2410922,1.5,35,-0.13922791182994843,2.300502061843872,0.06961395591497421,0.0,8.199999809265137,57.20000076293945
1751621555.2410922,1.5,35,0.0,7.225622177124023,-1.330924391746521,0.0,7.400000095367432,46.400001525878906
1751621555.2410922,1.5,35,0.2973341643810272,1.3725011348724365,0.08495262265205383,-0.8097003698348999,13.600000381469727,51.60000228881836
1751621555.4382877,1.5,36,1.2105748653411865,1.6529688835144043,0.8743041157722473,0.0,8.100000381469727,57.0
1751621555.6355686,1.5,37,0.0,7.225622177124023,-1.330924391746521,0.0,7.599999904632568,45.60000228881836
1751621555.832807,1.5,38,0.21828106045722961,1.4234036207199097,0.1309686303138733,-0.40485018491744995,9.699999809265137,55.0
1751621555.9424155,1.5,39,1.2105748653411865,1.6529688835144043,0.8743041157722473,0.0,7.800000190734863,56.79999923706055
1751621555.9424155,1.5,39,0.22182074189186096,7.12619686126709,-1.7745659351348877,0.0,7.099999904632568,46.5
1751621555.9424155,1.5,39,0.33981049060821533,1.365251898765564,0.0,-0.8097003698348999,13.600000381469727,51.20000076293945
1751621555.9424155,1.5,39,0.16990524530410767,1.1398186683654785,-0.8070499300956726,-0.8097003698348999,13.600000381469727,51.20000076293945
1751621556.1387026,1.5,40,1.2105748653411865,1.6529688835144043,0.8743041157722473,0.0,8.199999809265137,56.60000228881836
1751621556.1387026,1.5,40,0.2548578679561615,1.3777493238449097,0.12742893397808075,-0.8097003698348999,11.90000057220459,51.60000228881836
1751621556.1387026,1.5,40,0.21828106045722961,1.4187095165252686,0.17462484538555145,-0.8097003698348999,11.699999809265137,51.70000076293945
1751621556.3387585,1.5,41,1.1433206796646118,1.7331167459487915,0.8070499300956726,0.0,8.199999809265137,56.70000076293945
1751621556.3387585,1.5,41,0.30559346079826355,1.4106261730194092,0.08731242269277573,-0.40485018491744995,9.800000190734863,55.20000076293945
1751621556.3387585,1.5,41,0.08731242269277573,1.2630724906921387,-0.6984993815422058,-0.40485018491744995,9.800000190734863,55.20000076293945
1751621556.7319396,1.5,43,0.30559346079826355,1.4126513004302979,0.04365621134638786,0.0,7.0,58.5
1751621556.7319396,1.5,43,0.21828106045722961,1.1317616701126099,-0.8731242418289185,0.0,7.0,58.5
1751621556.8412023,1.5,44,0.3114929795265198,1.160987377166748,-0.4672394394874573,0.0,7.0,60.0
1751621556.8412023,1.5,44,-0.06961395591497421,2.304711103439331,0.0,0.0,7.300000190734863,58.10000228881836
1751621557.0408318,1.5,45,1.1433206796646118,1.7331167459487915,0.8070499300956726,0.0,8.0,57.10000228881836
1751621557.0408318,1.5,45,0.2619372606277466,1.422063946723938,0.0,0.40485018491744995,8.90000057220459,55.5
1751621557.0408318,1.5,45,-0.6548431515693665,1.2825384140014648,-0.1309686303138733,0.40485018491744995,8.90000057220459,55.5
1751621557.0408318,1.5,45,0.17462484538555145,1.1714802980422974,-0.8294680118560791,0.40485018491744995,8.90000057220459,55.5
1751621557.0408318,1.5,45,0.2619372606277466,1.416020154953003,0.1309686303138733,-0.8097003698348999,12.100000381469727,51.0
1751621557.0408318,1.5,45,0.08731242269277573,1.388840675354004,-0.3929058909416199,-0.8097003698348999,12.100000381469727,51.0
1751621557.0408318,1.5,45,-0.2619372606277466,1.4052114486694336,-0.21828106045722961,-0.8097003698348999,12.100000381469727,51.0
1751621557.237612,1.5,46,-0.23361971974372864,0.7300891876220703,0.3893662095069885,0.0,7.300000190734863,64.0
1751621557.237612,1.5,46,0.3893662095069885,0.7212682962417603,0.2595774531364441,0.0,7.300000190734863,64.0
1751621557.237612,1.5,46,0.9415582418441772,1.8504983186721802,0.8070499300956726,0.0,8.40000057220459,56.900001525878906
1751621557.237612,1.5,46,-0.34806978702545166,2.278275966644287,0.06961395591497421,0.0,7.200000286102295,58.20000076293945
1751621557.237612,1.5,46,1.3226652145385742,1.887392520904541,-0.06961395591497421,0.0,7.200000286102295,58.20000076293945
1751621557.237612,1.5,46,0.21828106045722961,1.4234036207199097,0.1309686303138733,-1.214550495147705,15.90000057220459,49.79999923706055
1751621557.4349864,1.5,47,0.20176248252391815,2.1342737674713135,0.6052874326705933,0.0,8.199999809265137,56.900001525878906
1751621557.4349864,1.5,47,0.21828106045722961,1.4267470836639404,0.08731242269277573,-0.8097003698348999,13.40000057220459,51.29999923706055
1751621557.6321137,1.5,48,1.0760666131973267,1.7756565809249878,0.8070499300956726,0.0,8.600000381469727,57.0
1751621557.6321137,1.5,48,0.8070499300956726,2.0053420066833496,0.5380333065986633,0.0,8.600000381469727,57.0
1751621557.6321137,1.5,48,-0.20884187519550323,2.29522967338562,0.06961395591497421,0.0,7.200000286102295,58.400001525878906
1751621557.6321137,1.5,48,1.3226652145385742,1.887392520904541,0.06961395591497421,0.0,7.200000286102295,58.400001525878906
1751621557.6321137,1.5,48,0.21238155663013458,1.3881862163543701,0.08495262265205383,-0.8097003698348999,13.600000381469727,51.400001525878906
1751621557.7416644,1.5,49,1.2105748653411865,1.6529688835144043,0.8743041157722473,0.0,8.90000057220459,56.900001525878906
1751621557.7416644,1.5,49,0.0,2.143789291381836,0.6052874326705933,0.0,8.90000057220459,56.900001525878906
1751621557.7416644,1.5,49,0.2619372606277466,1.419381022453308,0.08731242269277573,-0.8097003698348999,16.30000114440918,49.400001525878906
1751621557.9378967,1.5,50,0.5486523509025574,0.794715404510498,-0.7315364480018616,0.0,8.300000190734863,60.5
1751621557.9378967,1.5,50,1.2105748653411865,1.6529688835144043,0.8743041157722473,0.0,7.900000095367432,57.29999923706055
1751621557.9378967,1.5,50,-0.06725416332483292,2.1225857734680176,0.672541618347168,0.0,7.900000095367432,57.29999923706055
1751621557.9378967,1.5,50,0.3492496907711029,1.402496337890625,0.04365621134638786,-0.40485018491744995,8.199999809265137,55.20000076293945
1751621558.135111,1.5,51,0.13686811923980713,2.2365224361419678,0.3421703279018402,0.0,8.100000381469727,57.29999923706055
1751621558.135111,1.5,51,1.4394750595092773,1.786450743675232,0.6477637887001038,0.0,8.600000381469727,59.10000228881836
1751621558.135111,1.5,51,0.21238155663013458,1.3803659677505493,0.16990524530410767,-0.40485018491744995,9.90000057220459,55.79999923706055
1751621558.3329275,1.5,52,0.06843405961990356,2.23966121673584,0.3421703279018402,0.0,7.599999904632568,57.79999923706055
1751621558.3329275,1.5,52,1.3002471923828125,1.7938019037246704,0.47903844714164734,0.0,7.599999904632568,57.79999923706055
1751621558.3329275,1.5,52,0.33981049060821533,1.3626062870025635,0.08495262265205383,-1.214550495147705,14.5,50.400001525878906
1751621558.4410229,1.5,53,1.2105748653411865,1.6868267059326172,0.8070499300956726,0.0,8.90000057220459,56.400001525878906
1751621558.4410229,1.5,53,0.21828106045722961,1.4234036207199097,0.1309686303138733,-1.214550495147705,14.699999809265137,49.900001525878906
1751621558.6381676,1.5,54,0.23361971974372864,1.1938220262527466,-0.4283028244972229,0.0,7.400000095367432,59.79999923706055
1751621558.6381676,1.5,54,1.2105748653411865,1.7173864841461182,0.7397957444190979,0.0,9.300000190734863,56.20000076293945
1751621558.6381676,1.5,54,0.20176248252391815,2.152212142944336,0.5380333065986633,0.0,9.300000190734863,56.20000076293945
1751621558.6381676,1.5,54,-0.06961395591497421,2.304711103439331,0.0,0.0,8.300000190734863,57.29999923706055
1751621558.6381676,1.5,54,1.4618932008743286,1.783089518547058,0.0,0.0,8.300000190734863,57.29999923706055
1751621558.6381676,1.5,54,1.2955275774002075,1.8934367895126343,0.6477637887001038,0.0,7.099999904632568,58.60000228881836
1751621558.8349717,1.5,55,1.4618932008743286,1.7776455879211426,0.13922791182994843,0.0,8.100000381469727,57.900001525878906
1751621558.8349717,1.5,55,-0.20884187519550323,2.2962849140167236,0.0,0.0,8.100000381469727,57.900001525878906
1751621558.8349717,1.5,55,0.41768375039100647,1.7334786653518677,1.4618932008743286,0.0,8.100000381469727,57.900001525878906
1751621558.8349717,1.5,55,0.2548578679561615,1.3836297988891602,0.0,-0.8097003698348999,14.600000381469727,50.79999923706055
1751621558.8349717,1.5,55,0.1533866822719574,0.3250773549079895,0.1533866822719574,-0.40485018491744995,10.800000190734863,60.400001525878906
1751621558.9424791,1.5,56,0.4106043875217438,2.212310791015625,0.27373623847961426,0.0,6.800000190734863,57.400001525878906
1751621558.9424791,1.5,56,1.1633790731430054,1.8854488134384155,0.47903844714164734,0.0,6.800000190734863,57.400001525878906
1751621558.9424791,1.5,56,0.2548578679561615,1.3810193538665771,0.08495262265205383,-1.214550495147705,14.0,51.5
1751621559.1402633,1.5,57,0.3421703279018402,2.231281280517578,0.2053021937608719,0.0,7.700000286102295,57.5
1751621559.1402633,1.5,57,1.4371153116226196,1.7191466093063354,0.3421703279018402,0.0,7.700000286102295,57.5
1751621559.3359513,1.5,58,0.16990524530410767,1.3803659677505493,0.21238155663013458,0.0,6.800000190734863,59.20000076293945
1751621559.3359513,1.5,58,0.27373623847961426,2.2333791255950928,0.27373623847961426,0.0,8.40000057220459,57.900001525878906
1751621559.3359513,1.5,58,1.3686813116073608,1.7741129398345947,0.3421703279018402,0.0,8.40000057220459,57.900001525878906
1751621559.3359513,1.5,58,1.4394750595092773,1.8109307289123535,0.5757900476455688,0.0,7.0,59.10000228881836
1751621559.5359285,1.5,59,0.2053021937608719,2.231281280517578,0.3421703279018402,0.0,8.199999809265137,57.70000076293945
1751621559.5359285,1.5,59,1.1893366575241089,2.479794979095459,0.5946683287620544,-0.8097003698348999,16.0,51.0
1751621559.5359285,1.5,59,0.9344788789749146,2.4134249687194824,-1.104384183883667,-0.8097003698348999,16.0,51.0
1751621559.5359285,1.5,59,0.30559346079826355,1.4126513004302979,0.04365621134638786,-0.40485018491744995,10.600000381469727,55.10000228881836
1751621559.7332432,1.5,60,0.4672394394874573,0.7047302722930908,0.1557464897632599,0.0,9.40000057220459,63.900001525878906
1751621559.7332432,1.5,60,0.22182074189186096,7.12619686126709,-1.7745659351348877,0.0,7.099999904632568,46.10000228881836
1751621559.7332432,1.5,60,0.38228681683540344,1.3539721965789795,0.0,-1.214550495147705,14.600000381469727,51.0
1751621559.8404124,1.5,61,0.4672394394874573,0.7099694609642029,0.12978872656822205,0.0,7.900000095367432,63.20000076293945
1751621559.8404124,1.5,61,0.2725563645362854,1.1707402467727661,-0.4672394394874573,0.0,6.800000190734863,59.400001525878906
1751621559.8404124,1.5,61,0.336270809173584,2.1172516345977783,0.6052874326705933,0.0,8.0,56.5
1751621559.8404124,1.5,61,0.4035249650478363,2.105468988418579,0.6052874326705933,0.0,8.0,56.5
1751621559.8404124,1.5,61,-0.27845582365989685,2.287827730178833,0.06961395591497421,0.0,7.099999904632568,57.79999923706055
1751621559.8404124,1.5,61,1.3226652145385742,1.887392520904541,0.06961395591497421,0.0,7.099999904632568,57.79999923706055
1751621560.0426652,1.5,62,0.13450832664966583,2.1574599742889404,0.5380333065986633,0.0,7.400000095367432,56.29999923706055
1751621560.0426652,1.5,62,0.2973341643810272,1.3744715452194214,-0.042476311326026917,-0.40485018491744995,9.90000057220459,55.70000076293945
1751621560.0426652,1.5,62,0.16990524530410767,1.1085220575332642,-0.8495262265205383,-0.40485018491744995,9.90000057220459,55.70000076293945
1751621560.2373157,1.5,63,0.21238155663013458,1.3803659677505493,0.16990524530410767,0.0,7.300000190734863,58.5
1751621560.2373157,1.5,63,0.13450832664966583,2.1395652294158936,0.6052874326705933,0.0,7.400000095367432,55.900001525878906
1751621560.2373157,1.5,63,-0.21238155663013458,2.3082218170166016,0.3539692759513855,0.0,6.700000286102295,57.60000228881836
1751621560.433717,1.5,64,0.23361971974372864,1.1938220262527466,-0.4283028244972229,0.0,7.099999904632568,59.20000076293945
1751621560.433717,1.5,64,-0.06843405961990356,2.23966121673584,0.3421703279018402,0.0,7.400000095367432,57.20000076293945
1751621560.433717,1.5,64,1.3686813116073608,1.7218685150146484,0.5474724769592285,0.0,7.400000095367432,57.20000076293945
1751621560.5412488,1.5,65,0.2973341643810272,1.3744715452194214,0.042476311326026917,-0.8097003698348999,14.699999809265137,50.900001525878906
1751621560.7377129,1.5,66,-0.20884187519550323,2.292060375213623,0.13922791182994843,0.0,7.400000095367432,57.60000228881836
1751621560.7377129,1.5,66,1.3226652145385742,1.8770939111709595,0.20884187519550323,0.0,7.400000095367432,57.60000228881836
1751621560.7377129,1.5,66,0.21828106045722961,1.4267470836639404,0.08731242269277573,-0.8097003698348999,14.100000381469727,50.10000228881836
1751621560.9353175,1.5,67,0.28553521633148193,0.7683122158050537,0.2595774531364441,0.0,7.700000286102295,64.20000457763672
1751621560.9353175,1.5,67,0.2973341643810272,1.3692107200622559,0.12742893397808075,-0.8097003698348999,15.40000057220459,48.70000076293945
1751621560.9353175,1.5,67,0.16990524530410767,1.1398186683654785,-0.8070499300956726,-0.8097003698348999,15.40000057220459,48.70000076293945
1751621561.1327703,1.5,68,0.19468310475349426,1.1861779689788818,-0.4672394394874573,0.0,6.900000095367432,60.10000228881836
1751621561.1327703,1.5,68,-0.13922791182994843,2.297339916229248,0.13922791182994843,0.0,7.599999904632568,57.900001525878906
1751621561.1327703,1.5,68,1.3922791481018066,1.8326795101165771,0.13922791182994843,0.0,7.599999904632568,57.900001525878906
1751621561.1327703,1.5,68,0.2973341643810272,1.3744715452194214,-0.042476311326026917,-0.40485018491744995,9.600000381469727,55.20000076293945
1751621561.2418425,1.5,69,0.4672394394874573,0.7047302722930908,0.1557464897632599,0.0,9.800000190734863,63.79999923706055
1751621561.2418425,1.5,69,-0.13922791182994843,2.297339916229248,0.13922791182994843,0.0,7.5,58.29999923706055
1751621561.2418425,1.5,69,1.4618932008743286,1.7708171606063843,0.20884187519550323,0.0,7.5,58.29999923706055
1751621561.4408746,1.5,70,0.38228681683540344,1.3513044118881226,0.08495262265205383,-1.214550495147705,12.699999809265137,51.60000228881836
1751621561.6350908,1.5,71,0.446001261472702,0.6817625761032104,0.0991113930940628,0.0,7.300000190734863,64.4000015258789
1751621561.6350908,1.5,71,0.13686811923980713,2.2365224361419678,0.3421703279018402,0.0,6.900000095367432,58.20000076293945
1751621561.6350908,1.5,71,0.16990524530410767,1.3907831907272339,0.12742893397808075,-1.6194007396697998,15.600000381469727,49.70000076293945
1751621561.832538,1.5,72,0.3893662095069885,0.538943886756897,-0.5451127290725708,0.0,7.800000190734863,63.79999923706055
1751621561.832538,1.5,72,0.2725563645362854,1.1544398069381714,-0.5061760544776917,0.0,7.099999904632568,59.79999923706055
1751621561.832538,1.5,72,0.2053021937608719,2.231281280517578,0.3421703279018402,0.0,6.700000286102295,57.400001525878906
1751621561.832538,1.5,72,1.3686813116073608,1.6985925436019897,0.6159065961837769,0.0,6.700000286102295,57.400001525878906
1751621561.832538,1.5,72,0.0,7.225622177124023,-1.330924391746521,0.0,7.0,46.20000076293945
1751621561.832538,1.5,72,0.2973341643810272,1.3744715452194214,0.042476311326026917,-0.8097003698348999,13.199999809265137,51.5
1751621562.1381922,1.5,74,0.2973341643810272,1.3744715452194214,0.042476311326026917,-1.214550495147705,16.100000381469727,49.400001525878906
1751621562.6418457,1.5,77,0.2548578679561615,1.3810193538665771,0.08495262265205383,-0.40485018491744995,9.699999809265137,55.29999923706055
1751621562.8356209,1.5,78,0.2548578679561615,1.3829776048660278,0.042476311326026917,-0.8097003698348999,15.199999809265137,50.60000228881836
1751621563.0335083,1.5,79,0.13686811923980713,2.2365224361419678,0.3421703279018402,0.0,7.800000190734863,57.70000076293945
1751621563.0335083,1.5,79,0.21828106045722961,1.4267470836639404,0.08731242269277573,-1.214550495147705,14.199999809265137,49.60000228881836
1751621563.1418166,1.5,80,0.27373623847961426,2.2333791255950928,0.27373623847961426,0.0,8.300000190734863,57.5
1751621563.1418166,1.5,80,0.2548578679561615,1.3731582164764404,0.16990524530410767,-0.40485018491744995,9.90000057220459,55.79999923706055
1751621563.3407173,1.5,81,0.19468310475349426,1.2007862329483032,-0.4283028244972229,0.0,7.0,59.400001525878906
1751621563.3407173,1.5,81,0.06843405961990356,2.249051094055176,0.27373623847961426,0.0,8.90000057220459,57.29999923706055
1751621563.535548,1.5,82,0.2619372606277466,1.419381022453308,0.08731242269277573,-0.8097003698348999,13.199999809265137,51.60000228881836
1751621563.732588,1.5,83,0.27373623847961426,2.2239229679107666,0.3421703279018402,0.0,8.40000057220459,57.5
1751621563.732588,1.5,83,0.21828106045722961,1.4234036207199097,0.1309686303138733,-1.214550495147705,14.40000057220459,50.400001525878906
1751621563.8410916,1.5,84,0.6159065961837769,2.1543965339660645,0.3421703279018402,0.0,8.300000190734863,57.29999923706055
1751621563.8410916,1.5,84,1.0265109539031982,1.9633245468139648,0.47903844714164734,0.0,8.300000190734863,57.29999923706055
1751621563.8410916,1.5,84,1.2318131923675537,1.8222942352294922,0.5474724769592285,0.0,8.300000190734863,57.29999923706055
1751621563.8410916,1.5,84,0.30559346079826355,1.4072444438934326,0.1309686303138733,-0.8097003698348999,12.699999809265137,52.10000228881836
1751621564.040826,1.5,85,0.5191549062728882,0.65312260389328,0.207661971449852,0.0,10.800000190734863,64.20000457763672
1751621564.040826,1.5,85,-0.0259577464312315,0.8339167237281799,0.207661971449852,0.0,10.800000190734863,64.20000457763672
1751621564.040826,1.5,85,0.27373623847961426,2.2239229679107666,0.3421703279018402,0.0,7.700000286102295,57.60000228881836
1751621564.2360332,1.5,86,0.4672394394874573,0.6912150382995605,0.207661971449852,0.0,11.0,63.900001525878906
1751621564.2360332,1.5,86,0.0,0.8343206644058228,0.207661971449852,0.0,11.0,63.900001525878906
1751621564.2360332,1.5,86,0.22182074189186096,7.177795886993408,-1.5527452230453491,0.0,7.0,45.5
1751621564.2360332,1.5,86,0.30559346079826355,1.4106261730194092,0.08731242269277573,-0.8097003698348999,12.300000190734863,51.20000076293945
1751621564.2360332,1.5,86,0.2973341643810272,1.3725011348724365,0.08495262265205383,-0.40485018491744995,7.5,56.400001525878906
1751621564.2360332,1.5,86,0.2548578679561615,1.123878002166748,-0.8070499300956726,-0.40485018491744995,7.5,56.400001525878906
1751621564.4320176,1.5,87,0.4412817060947418,0.7080687880516052,0.207661971449852,0.0,11.0,63.60000228881836
1751621564.4320176,1.5,87,-0.0259577464312315,0.8105616569519043,0.28553521633148193,0.0,11.0,63.60000228881836
1751621564.4320176,1.5,87,0.4035249650478363,2.084960699081421,0.672541618347168,0.0,7.200000286102295,57.70000076293945
1751621564.4320176,1.5,87,1.4394750595092773,1.786450743675232,0.6477637887001038,0.0,7.400000095367432,59.900001525878906
1751621564.4320176,1.5,87,-0.1439475119113922,2.3400604724884033,0.43184253573417664,0.0,7.400000095367432,59.900001525878906
1751621564.542677,1.5,88,0.5191549062728882,0.6608148217201233,0.18170423805713654,0.0,10.300000190734863,64.0
1751621564.7390091,1.5,89,0.2619372606277466,1.419381022453308,0.08731242269277573,-0.8097003698348999,12.199999809265137,51.5
1751621564.9356234,1.5,90,0.23361971974372864,1.2070825099945068,-0.3893662095069885,0.0,7.200000286102295,59.400001525878906
1751621564.9356234,1.5,90,0.0,2.1236510276794434,0.672541618347168,0.0,6.800000190734863,56.900001525878906
1751621564.9356234,1.5,90,0.0719737559556961,2.328965663909912,0.5038162469863892,0.0,6.800000190734863,59.20000076293945
1751621564.9356234,1.5,90,0.33981049060821533,1.3626062870025635,0.08495262265205383,-0.40485018491744995,10.199999809265137,55.79999923706055
1751621565.135871,1.5,91,0.6052874326705933,1.9860771894454956,0.8070499300956726,0.0,7.700000286102295,56.60000228881836
1751621565.135871,1.5,91,-0.14158770442008972,2.31364369392395,0.3539692759513855,0.0,7.700000286102295,58.10000228881836
1751621565.135871,1.5,91,0.30559346079826355,1.4106261730194092,0.08731242269277573,-0.40485018491744995,11.0,55.60000228881836
1751621565.135871,1.5,91,0.21828106045722961,1.164136290550232,-0.8294680118560791,-0.40485018491744995,11.0,55.60000228881836
1751621565.135871,1.5,91,-0.5238745212554932,1.3363901376724243,-0.17462484538555145,-0.40485018491744995,11.0,55.60000228881836
1751621565.2414725,1.5,92,0.5191549062728882,0.6729394793510437,0.12978872656822205,0.0,9.699999809265137,63.79999923706055
1751621565.2414725,1.5,92,0.19468310475349426,1.2007862329483032,-0.4283028244972229,0.0,7.0,59.70000076293945
1751621565.2414725,1.5,92,-0.14158770442008972,2.301698684692383,0.42476311326026917,0.0,7.5,58.0
1751621565.2414725,1.5,92,0.2548578679561615,1.3829776048660278,0.042476311326026917,-1.214550495147705,13.300000190734863,51.29999923706055
1751621565.4383311,1.5,93,0.4412817060947418,0.7212682366371155,0.1557464897632599,0.0,8.600000381469727,64.5
1751621565.4383311,1.5,93,0.2053021937608719,2.231281280517578,0.3421703279018402,0.0,7.200000286102295,57.29999923706055
1751621565.4383311,1.5,93,-0.14158770442008972,2.31364369392395,0.3539692759513855,0.0,6.900000095367432,58.29999923706055
1751621565.4383311,1.5,93,0.21238155663013458,1.3744715452194214,0.21238155663013458,-0.40485018491744995,10.0,55.20000076293945
1751621565.6334918,1.5,94,0.4672394394874573,0.7099694609642029,0.12978872656822205,0.0,9.0,64.30000305175781
1751621565.6334918,1.5,94,0.19468310475349426,1.21397066116333,-0.3893662095069885,0.0,7.0,60.10000228881836
1751621565.6334918,1.5,94,0.4707791209220886,2.047748565673828,0.7397957444190979,0.0,7.200000286102295,56.70000076293945
1751621565.6334918,1.5,94,0.33981049060821533,1.3626062870025635,0.08495262265205383,-0.8097003698348999,16.0,49.5
1751621565.6334918,1.5,94,0.21238155663013458,1.1011735200881958,-0.8495262265205383,-0.8097003698348999,16.0,49.5
1751621565.7439027,1.5,95,0.5191549062728882,0.6729394793510437,0.12978872656822205,0.0,9.800000190734863,63.900001525878906
1751621565.7439027,1.5,95,0.5380333065986633,2.0311150550842285,0.7397957444190979,0.0,7.5,57.20000076293945
1751621565.7439027,1.5,95,0.33981049060821533,1.3645910024642944,0.042476311326026917,-0.8097003698348999,13.90000057220459,51.20000076293945
1751621565.9381962,1.5,96,0.49319717288017273,0.6921891570091248,0.12978872656822205,0.0,9.300000190734863,63.70000076293945
1751621566.1354814,1.5,97,0.36340847611427307,0.7577151656150818,0.18170423805713654,0.0,9.600000381469727,63.900001525878906
1751621566.1354814,1.5,97,0.672541618347168,1.964322805404663,0.8070499300956726,0.0,7.400000095367432,57.10000228881836
1751621566.1354814,1.5,97,-0.20884187519550323,2.292060375213623,0.13922791182994843,0.0,7.300000190734863,58.29999923706055
1751621566.1354814,1.5,97,1.3226652145385742,1.8835371732711792,0.13922791182994843,0.0,7.300000190734863,58.29999923706055
1751621566.1354814,1.5,97,0.22182074189186096,7.12619686126709,-1.7745659351348877,0.0,6.800000190734863,45.60000228881836
1751621566.1354814,1.5,97,0.2973341643810272,1.3692107200622559,0.12742893397808075,-0.40485018491744995,10.300000190734863,55.60000228881836
1751621566.1354814,1.5,97,0.2548578679561615,1.123878002166748,-0.8070499300956726,-0.40485018491744995,10.300000190734863,55.60000228881836
1751621566.3338444,1.5,98,0.3893662095069885,0.744709312915802,0.18170423805713654,0.0,9.0,63.79999923706055
1751621566.3338444,1.5,98,1.3226652145385742,1.887392520904541,0.06961395591497421,0.0,7.400000095367432,58.10000228881836
1751621566.3338444,1.5,98,-0.20884187519550323,2.292060375213623,0.13922791182994843,0.0,7.400000095367432,58.10000228881836
1751621566.3338444,1.5,98,0.2477785050868988,0.48668843507766724,0.033037133514881134,2.833951234817505,12.600000381469727,49.70000076293945
1751621566.3338444,1.5,98,0.21474136412143707,0.39336225390434265,-0.3138527572154999,2.833951234817505,12.600000381469727,49.70000076293945
1751621566.3338444,1.5,98,0.2619372606277466,1.419381022453308,0.08731242269277573,-0.40485018491744995,10.90000057220459,55.0
1751621566.3338444,1.5,98,1.4441946744918823,1.9960706233978271,-1.3592419624328613,-0.40485018491744995,14.5,53.900001525878906
1751621566.3338444,1.5,98,1.6140998601913452,2.265346050262451,0.42476311326026917,-0.40485018491744995,14.5,53.900001525878906
1751621566.4406497,1.5,99,0.3893662095069885,0.744709312915802,0.18170423805713654,0.0,8.90000057220459,63.79999923706055
1751621566.4406497,1.5,99,0.0,7.225622177124023,-1.330924391746521,0.0,7.099999904632568,45.70000076293945
1751621566.4406497,1.5,99,0.2548578679561615,1.3810193538665771,0.08495262265205383,-1.214550495147705,16.5,48.29999923706055
1751621566.638503,1.5,100,0.4412817060947418,0.7212682366371155,0.1557464897632599,0.0,9.5,63.79999923706055
1751621566.638503,1.5,100,0.42476311326026917,1.3351861238479614,-0.12742893397808075,-0.40485018491744995,9.90000057220459,56.20000076293945
1751621566.8348546,1.5,101,0.49319717288017273,0.6868143677711487,0.1557464897632599,0.0,9.40000057220459,64.30000305175781
1751621566.8348546,1.5,101,-0.27845582365989685,2.2846481800079346,0.13922791182994843,0.0,7.700000286102295,57.60000228881836
1751621566.8348546,1.5,101,1.3226652145385742,1.8886758089065552,0.0,0.0,7.700000286102295,57.60000228881836
1751621566.8348546,1.5,101,0.2548578679561615,1.3810193538665771,0.08495262265205383,-1.214550495147705,13.800000190734863,51.60000228881836
1751621566.8348546,1.5,101,0.33981049060821533,1.033558964729309,-0.892002522945404,-0.40485018491744995,7.099999904632568,55.10000228881836
1751621567.034526,1.5,102,-0.14158770442008972,2.301698684692383,0.42476311326026917,0.0,7.400000095367432,58.5
1751621567.034526,1.5,102,0.16990524530410767,1.3907831907272339,0.12742893397808075,-1.214550495147705,14.699999809265137,48.70000076293945
1751621567.339156,1.5,104,0.33981049060821533,1.3626062870025635,0.08495262265205383,-1.214550495147705,14.600000381469727,50.20000076293945
1751621567.5325065,1.5,105,1.3675013780593872,1.865877389907837,0.5757900476455688,0.0,6.900000095367432,59.0
1751621567.5325065,1.5,105,0.2548578679561615,1.3810193538665771,0.08495262265205383,-1.214550495147705,14.199999809265137,51.20000076293945
1751621567.6433847,1.5,106,1.4394750595092773,1.786450743675232,0.6477637887001038,0.0,6.700000286102295,59.400001525878906
1751621567.6433847,1.5,106,-0.1439475119113922,2.3088605403900146,0.5757900476455688,0.0,6.700000286102295,59.400001525878906
1751621567.8379323,1.5,107,1.4394750595092773,1.8109307289123535,0.5757900476455688,0.0,7.800000190734863,58.70000076293945
1751621567.8379323,1.5,107,0.0,2.3133435249328613,0.5757900476455688,0.0,7.800000190734863,58.70000076293945
1751621568.035007,1.5,108,0.06843405961990356,2.23966121673584,0.3421703279018402,0.0,7.900000095367432,57.900001525878906
1751621568.035007,1.5,108,0.0,7.070743560791016,-1.9963867664337158,0.0,6.800000190734863,46.0
1751621568.035007,1.5,108,0.2548578679561615,1.3810193538665771,0.08495262265205383,-1.214550495147705,14.199999809265137,49.20000076293945
1751621568.2321205,1.5,109,0.13686811923980713,2.2365224361419678,0.3421703279018402,0.0,6.900000095367432,57.79999923706055
1751621568.343625,1.5,110,0.2053021937608719,2.231281280517578,0.3421703279018402,0.0,8.199999809265137,56.70000076293945
1751621568.343625,1.5,110,1.3686813116073608,1.7218685150146484,0.5474724769592285,0.0,8.199999809265137,56.70000076293945
1751621568.343625,1.5,110,1.3675013780593872,1.842127799987793,0.6477637887001038,0.0,7.300000190734863,58.29999923706055
1751621568.343625,1.5,110,0.30559346079826355,1.4106261730194092,0.08731242269277573,-1.6194007396697998,14.800000190734863,50.29999923706055
1751621568.5381472,1.5,111,0.4412817060947418,0.7212682366371155,0.1557464897632599,0.0,7.200000286102295,64.20000457763672
1751621568.5381472,1.5,111,0.23361971974372864,1.1938220262527466,-0.4283028244972229,0.0,7.099999904632568,60.20000076293945
1751621568.5381472,1.5,111,0.9580768942832947,2.025550127029419,0.3421703279018402,0.0,7.700000286102295,57.60000228881836
1751621568.5381472,1.5,111,0.13686811923980713,2.195310115814209,0.5474724769592285,0.0,7.700000286102295,57.60000228881836
1751621568.5381472,1.5,111,1.5291472673416138,1.9317620992660522,-1.3592419624328613,-1.214550495147705,17.700000762939453,50.0
1751621568.5381472,1.5,111,1.6990524530410767,2.1842496395111084,0.509715735912323,-1.214550495147705,17.700000762939453,50.0
1751621568.5381472,1.5,111,0.2619372606277466,1.416020154953003,0.1309686303138733,-0.8097003698348999,14.100000381469727,50.60000228881836
1751621568.7366223,1.5,112,0.5191549062728882,0.677430272102356,0.103830985724926,0.0,9.5,63.900001525878906
1751621568.7366223,1.5,112,1.2318131923675537,1.8579251766204834,0.4106043875217438,0.0,8.0,57.60000228881836
1751621568.7366223,1.5,112,0.06843405961990356,2.23966121673584,0.3421703279018402,0.0,8.0,57.60000228881836
1751621568.7366223,1.5,112,0.2619372606277466,1.416020154953003,0.1309686303138733,-1.214550495147705,13.699999809265137,50.29999923706055
1751621568.931922,1.5,113,0.06843405961990356,2.23966121673584,0.3421703279018402,0.0,8.100000381469727,57.400001525878906
1751621568.931922,1.5,113,0.2548578679561615,1.3810193538665771,0.08495262265205383,-1.214550495147705,13.800000190734863,50.5
1751621569.0411477,1.5,114,0.0,2.240706443786621,0.3421703279018402,0.0,7.700000286102295,57.20000076293945
1751621569.0411477,1.5,114,0.2619372606277466,1.421393632888794,0.04365621134638786,-0.8097003698348999,12.5,52.0
1751621569.0411477,1.5,114,0.2973341643810272,1.3744715452194214,-0.042476311326026917,-0.40485018491744995,9.699999809265137,55.20000076293945
1751621569.2381995,1.5,115,0.12978872656822205,0.8399549126625061,0.12978872656822205,0.0,7.5,63.79999923706055
1751621569.2381995,1.5,115,-0.27845582365989685,2.2846481800079346,0.13922791182994843,0.0,8.0,57.79999923706055
1751621569.2381995,1.5,115,1.3226652145385742,1.8770939111709595,0.20884187519550323,0.0,8.0,57.79999923706055
1751621569.2381995,1.5,115,0.21238155663013458,1.3803659677505493,0.16990524530410767,-1.214550495147705,15.699999809265137,49.29999923706055
1751621569.4358876,1.5,116,0.2053021937608719,2.240706443786621,0.27373623847961426,0.0,7.300000190734863,57.70000076293945
1751621569.63632,1.5,117,0.5191549062728882,0.6848495006561279,0.0259577464312315,0.0,10.100000381469727,63.5
1751621569.7387893,1.5,118,-0.34806978702545166,2.275083065032959,0.13922791182994843,0.0,7.5,58.20000076293945
1751621569.7387893,1.5,118,1.2530512809753418,1.9343101978302002,0.06961395591497421,0.0,7.5,58.20000076293945
1751621569.7387893,1.5,118,1.4394750595092773,1.786450743675232,0.6477637887001038,0.0,7.599999904632568,58.70000076293945
1751621569.7387893,1.5,118,-0.1439475119113922,2.325626850128174,0.5038162469863892,0.0,7.599999904632568,58.70000076293945
1751621569.9365172,1.5,119,1.2778291702270508,1.6364682912826538,0.8070499300956726,0.0,7.800000190734863,56.29999923706055
1751621570.1366036,1.5,120,0.49319717288017273,0.6868143677711487,0.1557464897632599,0.0,11.300000190734863,64.0
1751621570.1366036,1.5,120,0.2725563645362854,1.1707402467727661,-0.4672394394874573,0.0,7.300000190734863,59.79999923706055
1751621570.1366036,1.5,120,-0.13686811923980713,2.2459254264831543,0.27373623847961426,0.0,8.600000381469727,56.900001525878906
1751621570.1366036,1.5,120,1.3002471923828125,1.7741130590438843,0.5474724769592285,0.0,8.600000381469727,56.900001525878906
1751621570.1366036,1.5,120,0.21238155663013458,1.3744715452194214,0.21238155663013458,-0.40485018491744995,10.699999809265137,55.10000228881836
1751621570.33381,1.5,121,0.0,2.240706443786621,0.3421703279018402,0.0,8.300000190734863,57.20000076293945
1751621570.5309608,1.5,122,0.4672394394874573,0.6984878778457642,0.18170423805713654,0.0,12.300000190734863,63.29999923706055
1751621570.5309608,1.5,122,-0.13922791182994843,2.300502061843872,0.06961395591497421,0.0,6.800000190734863,58.900001525878906
1751621570.5309608,1.5,122,1.4618932008743286,1.781730055809021,0.06961395591497421,0.0,6.800000190734863,58.900001525878906
1751621570.5309608,1.5,122,1.3922791481018066,1.8326795101165771,0.13922791182994843,0.0,6.800000190734863,58.900001525878906
1751621570.5309608,1.5,122,0.3929058909416199,1.3908976316452026,-0.04365621134638786,-0.40485018491744995,8.800000190734863,56.20000076293945
1751621570.7310083,1.5,123,-0.14158770442008972,2.31364369392395,0.3539692759513855,0.0,7.0,58.10000228881836
1751621570.7310083,1.5,123,0.2619372606277466,1.419381022453308,0.08731242269277573,-0.8097003698348999,13.90000057220459,50.60000228881836
1751621570.7310083,1.5,123,0.2548578679561615,1.3810193538665771,0.08495262265205383,-0.40485018491744995,9.5,55.29999923706055
1751621570.7310083,1.5,123,0.2548578679561615,1.0921248197555542,-0.8495262265205383,-0.40485018491744995,9.5,55.29999923706055
1751621570.8386114,1.5,124,1.3226652145385742,1.8835371732711792,0.13922791182994843,0.0,7.900000095367432,57.70000076293945
1751621570.8386114,1.5,124,-0.20884187519550323,2.29522967338562,0.06961395591497421,0.0,7.900000095367432,57.70000076293945
1751621570.8386114,1.5,124,1.4394750595092773,1.786450743675232,0.6477637887001038,0.0,6.900000095367432,59.0
1751621570.8386114,1.5,124,-0.0719737559556961,2.328965663909912,0.5038162469863892,0.0,6.900000095367432,59.0
1751621570.8386114,1.5,124,0.2548578679561615,1.3777493238449097,0.12742893397808075,-0.8097003698348999,12.600000381469727,51.400001525878906
1751621570.8386114,1.5,124,1.0052727460861206,2.38285231590271,-1.0052727460861206,-0.8097003698348999,17.80000114440918,49.79999923706055
1751621570.8386114,1.5,124,1.2565909624099731,2.3277292251586914,0.8377273082733154,-0.8097003698348999,17.80000114440918,49.79999923706055
1751621571.0360577,1.5,125,0.3114929795265198,0.7665561437606812,0.23361971974372864,0.0,9.699999809265137,64.5
1751621571.0360577,1.5,125,-0.20884187519550323,2.2962849140167236,0.0,0.0,7.200000286102295,58.20000076293945
1751621571.0360577,1.5,125,1.3226652145385742,1.887392520904541,0.06961395591497421,0.0,7.200000286102295,58.20000076293945
1751621571.0360577,1.5,125,0.33981049060821533,1.365251898765564,0.0,-0.40485018491744995,10.5,55.79999923706055
1751621571.0360577,1.5,125,0.2548578679561615,1.057715892791748,-0.892002522945404,-0.40485018491744995,10.5,55.79999923706055
1751621571.0360577,1.5,125,-0.5521920919418335,1.2877225875854492,-0.12742893397808075,-0.40485018491744995,10.5,55.79999923706055
1751621571.0360577,1.5,125,1.0052727460861206,2.4467878341674805,-0.8377273082733154,-0.40485018491744995,12.800000190734863,54.5
1751621571.0360577,1.5,125,1.0052727460861206,2.38285231590271,1.0052727460861206,-0.40485018491744995,12.800000190734863,54.5
1751621571.2330563,1.5,126,0.33037135004997253,2.0129079818725586,0.7928911447525024,0.0,6.800000190734863,56.60000228881836
1751621571.2330563,1.5,126,1.4618932008743286,1.781730055809021,0.06961395591497421,0.0,7.099999904632568,58.400001525878906
1751621571.2330563,1.5,126,-0.13922791182994843,2.300502061843872,0.06961395591497421,0.0,7.099999904632568,58.400001525878906
1751621571.2330563,1.5,126,0.21828106045722961,1.4234036207199097,0.1309686303138733,-0.8097003698348999,14.800000190734863,49.400001525878906
1751621571.430341,1.5,127,-0.06961395591497421,2.303659677505493,0.06961395591497421,0.0,7.800000190734863,57.900001525878906
1751621571.430341,1.5,127,0.3492496907711029,1.4031755924224854,0.0,-0.40485018491744995,9.199999809265137,55.5
1751621571.5396056,1.5,128,0.49319717288017273,0.6729394197463989,0.207661971449852,0.0,11.199999809265137,64.0999984741211
1751621571.5396056,1.5,128,0.0,0.8343206644058228,0.207661971449852,0.0,11.199999809265137,64.0999984741211
1751621571.5396056,1.5,128,1.4394750595092773,1.8109307289123535,0.5757900476455688,0.0,7.900000095367432,58.10000228881836
1751621571.5396056,1.5,128,-0.0719737559556961,2.328965663909912,0.5038162469863892,0.0,7.900000095367432,58.10000228881836
1751621571.5396056,1.5,128,0.2548578679561615,1.3777493238449097,0.12742893397808075,-0.8097003698348999,14.600000381469727,50.79999923706055
1751621571.738257,1.5,129,0.2548578679561615,1.3777493238449097,0.12742893397808075,-0.8097003698348999,13.40000057220459,50.70000076293945
1751621571.9330666,1.5,130,0.415323942899704,0.7156411409378052,0.23361971974372864,0.0,9.100000381469727,63.29999923706055
1751621571.9330666,1.5,130,0.0,2.250092029571533,0.27373623847961426,0.0,7.400000095367432,57.400001525878906
1751621571.9330666,1.5,130,1.3686813116073608,1.7421479225158691,0.47903844714164734,0.0,7.400000095367432,57.400001525878906
1751621571.9330666,1.5,130,1.2955275774002075,1.916550636291504,0.5757900476455688,0.0,7.099999904632568,58.29999923706055
1751621571.9330666,1.5,130,1.6140998601913452,2.279637098312378,0.33981049060821533,-0.8097003698348999,20.80000114440918,46.79999923706055
1751621571.9330666,1.5,130,0.2548578679561615,1.3777493238449097,0.12742893397808075,-0.40485018491744995,8.800000190734863,56.79999923706055
1751621572.12941,1.5,131,-0.27845582365989685,2.288886785507202,0.0,0.0,6.900000095367432,58.10000228881836
1751621572.12941,1.5,131,1.2530512809753418,1.9305485486984253,0.13922791182994843,0.0,6.900000095367432,58.10000228881836
1751621572.12941,1.5,131,0.0,7.181222438812256,-1.5527452230453491,0.0,6.900000095367432,46.20000076293945
1751621572.12941,1.5,131,0.30559346079826355,1.4126513004302979,0.04365621134638786,-0.8097003698348999,11.800000190734863,53.10000228881836
1751621572.2393517,1.5,132,0.07079385221004486,2.304962635040283,0.42476311326026917,0.0,7.400000095367432,57.900001525878906
1751621572.2393517,1.5,132,1.812322735786438,2.990579605102539,-1.3592419624328613,0.0,7.599999904632568,53.0
1751621572.2393517,1.5,132,-0.22182074189186096,7.259591102600098,-1.109103798866272,0.0,8.100000381469727,45.70000076293945
1751621572.2393517,1.5,132,4.658235549926758,5.677377223968506,0.22182074189186096,0.0,8.100000381469727,45.70000076293945
1751621572.2393517,1.5,132,0.2548578679561615,1.3777493238449097,0.12742893397808075,-0.8097003698348999,14.800000190734863,51.20000076293945
1751621572.4383426,1.5,133,0.2973341643810272,1.3744715452194214,0.042476311326026917,-0.8097003698348999,16.0,50.60000228881836
1751621572.6353319,1.5,134,0.672541618347168,1.964322805404663,0.8070499300956726,0.0,7.0,57.0
1751621572.6353319,1.5,134,-0.20884187519550323,2.292060375213623,0.13922791182994843,0.0,7.700000286102295,58.29999923706055
1751621572.6353319,1.5,134,1.3922791481018066,1.8260568380355835,0.20884187519550323,0.0,7.700000286102295,58.29999923706055
1751621572.6353319,1.5,134,0.2973341643810272,1.3725011348724365,0.08495262265205383,-0.8097003698348999,15.699999809265137,49.70000076293945
1751621572.8324525,1.5,135,0.16990524530410767,1.3803659677505493,0.21238155663013458,0.0,6.800000190734863,58.0
1751621572.8324525,1.5,135,0.4672394394874573,0.9825490117073059,-0.892002522945404,0.0,6.800000190734863,58.0
1751621572.8324525,1.5,135,-0.06961395591497421,2.303659677505493,0.06961395591497421,0.0,7.5,57.79999923706055
1751621572.8324525,1.5,135,1.4618932008743286,1.7776455879211426,0.13922791182994843,0.0,7.5,57.79999923706055
1751621572.8324525,1.5,135,1.3675013780593872,1.842127799987793,0.6477637887001038,0.0,7.0,59.20000076293945
1751621572.8324525,1.5,135,0.2619372606277466,1.419381022453308,0.08731242269277573,-0.8097003698348999,13.100000381469727,51.79999923706055
1751621572.9399421,1.5,136,1.3002471923828125,1.8106924295425415,0.4106043875217438,0.0,7.0,57.79999923706055
1751621572.9399421,1.5,136,0.13686811923980713,2.2365224361419678,0.3421703279018402,0.0,7.0,57.79999923706055
1751621572.9399421,1.5,136,1.4394750595092773,1.786450743675232,0.6477637887001038,0.0,7.400000095367432,59.5
1751621572.9399421,1.5,136,0.1439475119113922,2.3400604724884033,0.43184253573417664,0.0,7.400000095367432,59.5
1751621572.9399421,1.5,136,0.33981049060821533,1.3626062870025635,0.08495262265205383,-1.214550495147705,15.0,50.400001525878906
1751621573.138535,1.5,137,-0.28553521633148193,0.7487697601318359,0.3114929795265198,0.0,8.40000057220459,64.0
1751621573.138535,1.5,137,0.2053021937608719,2.231281280517578,0.3421703279018402,0.0,7.900000095367432,57.0
1751621573.138535,1.5,137,0.2548578679561615,1.3829776048660278,0.042476311326026917,-1.214550495147705,14.600000381469727,50.900001525878906
1751621573.3440888,1.5,138,0.6159065961837769,2.164156436920166,0.27373623847961426,0.0,7.200000286102295,57.29999923706055
1751621573.3440888,1.5,138,1.094944953918457,1.9549580812454224,0.3421703279018402,0.0,7.200000286102295,57.29999923706055
1751621573.3440888,1.5,138,1.3675013780593872,1.842127799987793,0.6477637887001038,0.0,6.900000095367432,59.20000076293945
1751621573.5304468,1.5,139,0.13686811923980713,2.2365224361419678,0.3421703279018402,0.0,8.800000190734863,56.60000228881836
1751621573.5304468,1.5,139,0.2973341643810272,1.3692107200622559,0.12742893397808075,-1.214550495147705,13.800000190734863,50.5
1751621573.6404984,1.5,140,1.2318131923675537,1.8222942352294922,0.5474724769592285,0.0,6.800000190734863,57.70000076293945
1751621573.6404984,1.5,140,0.06843405961990356,2.23966121673584,0.3421703279018402,0.0,6.800000190734863,57.70000076293945
1751621573.6404984,1.5,140,0.30559346079826355,1.4106261730194092,0.08731242269277573,-0.8097003698348999,14.5,49.70000076293945
1751621573.8355892,1.5,141,-0.14158770442008972,2.31364369392395,0.3539692759513855,0.0,7.5,58.60000228881836
1751621574.0325603,1.5,142,0.49319717288017273,0.6316194534301758,0.3114929795265198,0.0,7.599999904632568,64.0999984741211
1751621574.0325603,1.5,142,1.3226652145385742,1.887392520904541,0.06961395591497421,0.0,7.400000095367432,58.60000228881836
1751621574.0325603,1.5,142,-0.20884187519550323,2.29522967338562,0.06961395591497421,0.0,7.400000095367432,58.60000228881836
1751621574.0325603,1.5,142,1.6990525722503662,3.003422498703003,-1.4725122451782227,0.0,7.700000286102295,52.60000228881836
1751621574.0325603,1.5,142,0.0,7.262979030609131,-1.109103798866272,0.0,7.0,46.900001525878906
1751621574.0325603,1.5,142,0.2973341643810272,1.3751276731491089,0.0,-0.40485018491744995,10.100000381469727,55.900001525878906
1751621574.1441607,1.5,143,0.4672394394874573,0.682878851890564,0.23361971974372864,0.0,8.0,63.900001525878906
1751621574.1441607,1.5,143,-0.1557464897632599,0.7860849499702454,0.3114929795265198,0.0,8.0,63.900001525878906
1751621574.1441607,1.5,143,0.3114929795265198,1.1265242099761963,-0.5451127290725708,0.0,7.200000286102295,59.60000228881836
1751621574.1441607,1.5,143,-0.20884187519550323,2.29522967338562,0.06961395591497421,0.0,6.800000190734863,58.70000076293945
1751621574.1441607,1.5,143,1.3922791481018066,1.8379603624343872,0.0,0.0,6.800000190734863,58.70000076293945
1751621574.1441607,1.5,143,0.2548578679561615,1.3777493238449097,0.12742893397808075,-0.8097003698348999,16.0,49.0
1751621574.1441607,1.5,143,1.2565909624099731,2.2212812900543213,-1.089045524597168,-0.8097003698348999,17.80000114440918,50.5
1751621574.1441607,1.5,143,1.4241364002227783,2.22916579246521,0.8377273082733154,-0.8097003698348999,17.80000114440918,50.5
1751621574.1441607,1.5,143,1.7698462009429932,2.321258783340454,-0.2654769718647003,-0.8097003698348999,13.199999809265137,46.900001525878906
1751621574.3399327,1.5,144,0.21828106045722961,1.4187095165252686,0.17462484538555145,0.0,8.0,57.79999923706055
1751621574.3399327,1.5,144,1.9255927801132202,2.8634626865386963,-1.4725122451782227,0.0,7.0,53.10000228881836
1751621574.5335443,1.5,145,0.07079385221004486,2.290785789489746,0.4955569803714752,0.0,7.200000286102295,58.400001525878906
1751621574.5335443,1.5,145,0.2973341643810272,1.3725011348724365,0.08495262265205383,-0.40485018491744995,8.40000057220459,55.70000076293945
1751621574.7339692,1.5,146,0.2619372606277466,1.422063946723938,0.0,-1.6194007396697998,14.90000057220459,49.29999923706055
1751621574.8409002,1.5,147,1.1633790731430054,1.9015254974365234,0.4106043875217438,0.0,8.800000190734863,56.0
1751621574.8409002,1.5,147,0.2053021937608719,2.2059507369995117,0.47903844714164734,0.0,8.800000190734863,56.0
1751621574.8409002,1.5,147,1.3675013780593872,1.842127799987793,0.6477637887001038,0.0,8.300000190734863,57.400001525878906
1751621574.8409002,1.5,147,-0.0719737559556961,2.328965663909912,0.5038162469863892,0.0,8.300000190734863,57.400001525878906
1751621575.0385413,1.5,148,0.19468310475349426,1.21397066116333,-0.3893662095069885,0.0,7.0,60.20000076293945
1751621575.0385413,1.5,148,0.30559346079826355,1.4126513004302979,0.04365621134638786,-0.40485018491744995,9.5,56.10000228881836
1751621575.2351851,1.5,149,0.5191549062728882,0.6442937254905701,0.23361971974372864,0.0,12.699999809265137,63.5
1751621575.2351851,1.5,149,-0.051915492862463,0.8327038884162903,0.207661971449852,0.0,12.699999809265137,63.5
1751621575.2351851,1.5,149,0.19468310475349426,1.2007862329483032,-0.4283028244972229,0.0,7.099999904632568,59.0
1751621575.2351851,1.5,149,0.4106043875217438,2.219707489013672,0.2053021937608719,0.0,8.100000381469727,57.29999923706055
1751621575.2351851,1.5,149,1.3675013780593872,1.865877389907837,0.5757900476455688,0.0,7.0,59.29999923706055
1751621575.2351851,1.5,149,-0.0719737559556961,2.328965663909912,0.5038162469863892,0.0,7.0,59.29999923706055
1751621575.4326196,1.5,150,0.0,2.304711103439331,0.06961395591497421,0.0,8.699999809265137,57.29999923706055
1751621575.4326196,1.5,150,0.2548578679561615,1.3810193538665771,0.08495262265205383,-0.8097003698348999,13.800000190734863,52.0
1751621575.5410624,1.5,151,0.2973341941833496,0.7503538131713867,0.1486670970916748,0.0,9.40000057220459,64.70000457763672
1751621575.5410624,1.5,151,0.6843406558036804,2.1511332988739014,0.2053021937608719,0.0,6.800000190734863,57.29999923706055
1751621575.5410624,1.5,151,0.33981049060821533,1.3645910024642944,-0.042476311326026917,-0.40485018491744995,10.5,55.70000076293945
1751621575.5410624,1.5,151,0.30559346079826355,1.4133257865905762,0.0,-0.40485018491744995,10.800000190734863,55.400001525878906
1751621575.7350018,1.5,152,-0.06961395591497421,2.29522967338562,0.20884187519550323,0.0,7.5,57.70000076293945
1751621575.7350018,1.5,152,0.22182074189186096,7.12619686126709,-1.7745659351348877,0.0,6.700000286102295,45.400001525878906
1751621575.9324906,1.5,153,0.23361971974372864,1.2070825099945068,-0.3893662095069885,0.0,7.400000095367432,59.20000076293945
1751621575.9324906,1.5,153,0.3421703279018402,2.231281280517578,0.2053021937608719,0.0,6.900000095367432,57.400001525878906
1751621575.9324906,1.5,153,1.4371153116226196,1.7191466093063354,0.3421703279018402,0.0,6.900000095367432,57.400001525878906
1751621575.9324906,1.5,153,0.4436414837837219,7.115832328796387,-1.7745659351348877,0.0,6.800000190734863,46.10000228881836
1751621575.9324906,1.5,153,0.2548578679561615,1.3810193538665771,0.08495262265205383,-0.8097003698348999,14.699999809265137,50.79999923706055
1751621576.0425856,1.5,154,0.22182074189186096,7.12619686126709,-1.7745659351348877,0.0,7.099999904632568,46.10000228881836
1751621576.0425856,1.5,154,1.089045524597168,2.4106688499450684,-0.8377273082733154,-0.8097003698348999,15.100000381469727,51.10000228881836
1751621576.0425856,1.5,154,0.2548578679561615,1.3829776048660278,0.042476311326026917,-0.40485018491744995,7.900000095367432,56.70000076293945
1751621576.0425856,1.5,154,-0.5946683287620544,1.2722171545028687,-0.08495262265205383,-0.40485018491744995,7.900000095367432,56.70000076293945
1751621576.0425856,1.5,154,0.16990524530410767,1.1398186683654785,-0.8070499300956726,-0.40485018491744995,7.900000095367432,56.70000076293945
1751621576.2378647,1.5,155,-0.014158771373331547,0.0351814366877079,0.009439180605113506,0.0,14.40000057220459,67.5999984741211
1751621576.2378647,1.5,155,0.0247778482735157,0.029640458524227142,-0.005899487528949976,0.0,14.40000057220459,67.5999984741211
1751621576.2378647,1.5,155,0.4908373951911926,0.9279825687408447,-0.6796209812164307,0.0,11.5,58.79999923706055
1751621576.2378647,1.5,155,0.4530806839466095,1.1502331495285034,0.18878360092639923,0.0,11.5,58.79999923706055
1751621576.2378647,1.5,155,-0.08495262265205383,1.3243316411972046,0.4672394394874573,-0.8097003698348999,14.100000381469727,51.0
1751621576.435115,1.5,156,-0.023597950115799904,0.07357397675514221,-0.011798975057899952,0.0,14.800000190734863,69.80000305175781
1751621576.435115,1.5,156,-0.37756720185279846,0.9795488715171814,-0.6796209812164307,0.0,8.0,63.29999923706055
1751621576.435115,1.5,156,-0.3020537793636322,1.2112056016921997,-0.07551344484090805,0.0,8.0,63.29999923706055
1751621576.435115,1.5,156,1.4241364002227783,2.3813791275024414,0.0,0.0,10.90000057220459,58.20000076293945
1751621576.435115,1.5,156,0.3138527572154999,1.175249457359314,-0.8518860936164856,-0.40485018491744995,7.300000190734863,59.79999923706055
1751621576.6320517,1.5,157,-0.028317542746663094,0.07095395028591156,0.016518566757440567,0.0,13.800000190734863,71.0
1751621576.6320517,1.5,157,-0.07315365225076675,1.077667236328125,-0.5486523509025574,0.0,7.599999904632568,67.80000305175781
1751621576.6320517,1.5,157,0.18878360092639923,1.2664650678634644,-0.896722137928009,0.0,9.0,59.900001525878906
1751621576.6320517,1.5,157,0.5946683883666992,1.165428638458252,-0.9911139607429504,0.0,10.40000057220459,58.70000076293945
1751621576.6320517,1.5,157,-1.245971918106079,2.9950790405273438,-1.1421408653259277,0.0,9.40000057220459,58.900001525878906
1751621576.6320517,1.5,157,-1.050108790397644,3.1081717014312744,-1.155119776725769,0.0,9.600000381469727,58.70000076293945
1751621576.741413,1.5,158,-0.27609604597091675,0.7356647849082947,-0.6442241072654724,-0.40485018491744995,8.199999809265137,69.5
1751621576.741413,1.5,158,0.0,1.0577648878097534,-0.8672246932983398,-0.40485018491744995,9.100000381469727,61.79999923706055
1751621576.9379172,1.5,159,-0.7268169522285461,3.3031888008117676,0.6229859590530396,0.0,11.90000057220459,58.400001525878906
1751621576.9379172,1.5,159,-0.5486523509025574,3.3840339183807373,1.2070351839065552,0.0,6.900000095367432,56.20000076293945
1751621576.9379172,1.5,159,-0.016518566757440567,0.05814275145530701,0.0495556965470314,0.40485018491744995,14.300000190734863,67.30000305175781
1751621577.1326756,1.5,160,-0.1486670970916748,0.22964301705360413,0.0,0.40485018491744995,7.800000190734863,71.9000015258789
1751621577.1326756,1.5,160,-0.3114929795265198,0.7004145383834839,-0.3893662095069885,0.40485018491744995,10.699999809265137,70.5
1751621577.1326756,1.5,160,-0.5014564394950867,0.7601389288902283,-0.3539693057537079,0.40485018491744995,11.90000057220459,69.5
1751621577.1326756,1.5,160,0.41768375039100647,2.2579779624938965,0.20884187519550323,0.40485018491744995,6.900000095367432,61.5
1751621577.1326756,1.5,160,-1.9963867664337158,7.070743560791016,0.0,0.40485018491744995,10.0,47.400001525878906
1751621577.2427762,1.5,161,-0.6017476916313171,0.983547568321228,-0.21238155663013458,0.40485018491744995,9.90000057220459,71.4000015258789
1751621577.2427762,1.5,161,-0.2501383125782013,7.250021457672119,-4.002213001251221,0.40485018491744995,7.5,48.70000076293945
1751621577.2427762,1.5,161,-1.852439284324646,9.879426002502441,-7.03926944732666,0.40485018491744995,7.5,45.29999923706055
1751621577.4350874,1.5,162,-0.22418054938316345,0.7075285911560059,0.022418053820729256,0.0,8.90000057220459,77.80000305175781
1751621577.4350874,1.5,162,-0.4754987359046936,1.084473729133606,-0.25603777170181274,0.0,13.5,69.80000305175781
1751621577.5436425,1.5,163,-0.6218060255050659,0.9587560892105103,-0.40234506130218506,0.0,10.90000057220459,69.9000015258789
1751621577.5436425,1.5,163,-2.2418055534362793,3.1218833923339844,0.7079386115074158,0.0,8.40000057220459,68.0
1751621577.5436425,1.5,163,-2.6016740798950195,3.151454210281372,0.3716677129268646,0.0,9.0,63.5
1751621577.5436425,1.5,163,-3.8370273113250732,9.788155555725098,-1.2790089845657349,0.0,8.300000190734863,47.60000228881836
1751621577.7381089,1.5,164,0.04719590023159981,0.2793862223625183,0.13214853405952454,0.0,10.90000057220459,73.80000305175781
1751621577.7381089,1.5,164,-0.5663508176803589,0.8990228772163391,-0.4955569803714752,0.0,8.0,71.5
1751621577.7381089,1.5,164,-0.7220973372459412,1.2007168531417847,-0.12742893397808075,0.0,8.600000381469727,66.30000305175781
1751621577.7381089,1.5,164,-1.5102688074111938,1.922370195388794,-0.5285941362380981,0.0,7.900000095367432,63.900001525878906
1751621577.7381089,1.5,164,-2.1238157749176025,3.2721164226531982,0.23597952723503113,0.0,9.199999809265137,65.5999984741211
1751621577.7381089,1.5,164,-3.2954540252685547,4.65425968170166,0.6937797665596008,0.0,10.0,53.20000076293945
1751621577.7381089,1.5,164,-4.460012435913086,9.29923152923584,-2.230006217956543,0.0,8.699999809265137,46.29999923706055
1751621577.9330454,1.5,165,0.016518566757440567,0.24334421753883362,0.1238892525434494,0.0,10.5,75.30000305175781
1751621577.9330454,1.5,165,-0.6371446847915649,0.8503187298774719,-0.4955569803714752,0.0,8.199999809265137,70.0999984741211
1751621577.9330454,1.5,165,-0.6194462180137634,1.1317592859268188,-0.45426055788993835,0.0,7.0,66.5
1751621577.9330454,1.5,165,-0.5982080698013306,1.2450499534606934,-0.6442241072654724,0.0,6.900000095367432,63.70000076293945
1751621577.9330454,1.5,165,-0.45662036538124084,1.3987531661987305,-0.8117695450782776,0.0,6.700000286102295,62.10000228881836
1751621577.9330454,1.5,165,-3.2954540252685547,4.016442775726318,0.15692637860774994,0.0,6.900000095367432,54.79999923706055
1751621578.040963,1.5,166,0.033037133514881134,0.2457154393196106,0.11562996357679367,0.0,10.100000381469727,75.0
1751621578.040963,1.5,166,-0.09439180046319962,0.35633596777915955,-0.12978872656822205,0.0,7.400000095367432,75.20000457763672
1751621578.040963,1.5,166,-0.09439180046319962,0.3604148030281067,-0.11798975616693497,0.0,7.400000095367432,75.20000457763672
1751621578.040963,1.5,166,-0.605287492275238,0.8350456357002258,-0.223000630736351,0.0,7.099999904632568,71.0
1751621578.040963,1.5,166,-0.45662036538124084,1.5178978443145752,-0.5580915808677673,0.0,7.099999904632568,62.79999923706055
1751621578.040963,1.5,166,-2.5025627613067627,3.04308819770813,0.23833930492401123,0.0,8.300000190734863,65.30000305175781
1751621578.040963,1.5,166,-2.66774845123291,4.458132266998291,0.15692637860774994,0.0,8.0,55.0
1751621578.040963,1.5,166,-3.4688990116119385,4.496458530426025,0.8672247529029846,0.0,8.600000381469727,53.20000076293945
1751621578.235189,1.5,167,0.033037133514881134,0.24165640771389008,0.1238892525434494,0.0,9.800000190734863,75.0999984741211
1751621578.235189,1.5,167,-0.10619077831506729,0.3571164309978485,-0.11798975616693497,0.0,6.800000190734863,75.30000305175781
1751621578.235189,1.5,167,-0.605287492275238,0.8350456357002258,-0.223000630736351,0.0,6.700000286102295,71.0
1751621578.235189,1.5,167,-0.4106043875217438,0.9732776880264282,-0.4106043875217438,0.0,7.200000286102295,69.80000305175781
1751621578.235189,1.5,167,0.2053021937608719,1.0712037086486816,-0.3079532980918884,0.0,7.200000286102295,69.80000305175781
1751621578.235189,1.5,167,-2.5025627613067627,3.04308819770813,0.23833930492401123,0.0,8.800000190734863,65.0999984741211
1751621578.235189,1.5,167,-2.948564052581787,3.5272140502929688,0.7020390033721924,0.0,6.700000286102295,59.79999923706055
1751621578.235189,1.5,167,-2.8246748447418213,4.351914882659912,0.3138527572154999,0.0,8.699999809265137,54.900001525878906
1751621578.235189,1.5,167,-3.4688990116119385,4.45950984954834,1.0406696796417236,0.0,9.699999809265137,53.0
1751621578.3427784,1.5,168,0.033037133514881134,0.2457154393196106,0.11562996357679367,0.0,10.300000190734863,76.30000305175781
1751621578.3427784,1.5,168,-0.36340847611427307,0.9385541677474976,-0.42948272824287415,0.0,6.900000095367432,70.5
1751621578.5413175,1.5,169,0.033037133514881134,0.24165640771389008,0.1238892525434494,0.0,9.0,77.30000305175781
1751621578.5413175,1.5,169,-0.4601600468158722,0.7812023758888245,-0.7433354258537292,0.0,8.300000190734863,68.5999984741211
1751621578.5413175,1.5,169,-0.5580915808677673,1.4835935831069946,-0.5580915808677673,0.0,7.200000286102295,62.70000076293945
1751621578.7351358,1.5,170,0.0247778482735157,0.2426423877477646,0.1238892525434494,0.0,9.300000190734863,77.0
1751621578.7351358,1.5,170,-0.27609604597091675,0.6242989301681519,-0.16990524530410767,0.0,6.800000190734863,75.0
1751621578.7351358,1.5,170,-0.33037132024765015,0.6888319253921509,-0.16518566012382507,0.8097003698348999,13.699999809265137,57.10000228881836
1751621578.9323401,1.5,171,0.033037133514881134,0.24165640771389008,0.1238892525434494,0.0,9.0,77.0
1751621578.9323401,1.5,171,-0.36340847611427307,0.9660608768463135,-0.36340847611427307,0.0,7.0,70.30000305175781
1751621578.9323401,1.5,171,-0.42476311326026917,0.8324489593505859,-0.707938551902771,0.0,8.100000381469727,68.80000305175781
1751621578.9323401,1.5,171,-0.7763726115226746,1.5258495807647705,-0.6654621958732605,0.0,7.099999904632568,62.70000076293945
